,actor,ciudad,nombres
0,daniel albaladejo,['Murcia'],
1,daniel albaladejo,[],
2,daniel albaladejo,[],Vicente Fuentes
3,daniel albaladejo,[],Will Keen
4,daniel albaladejo,[],Francisco Torres
5,daniel albaladejo,[],Teatro Contemporáneo
6,daniel albaladejo,[],Norman Taylor
7,daniel albaladejo,[],Expresión Dramática
8,daniel albaladejo,[],Antón Valén
9,enrique asenjo,[],Dramaturgia Teatral
10,enrique asenjo,[],Sanchís Sinisterra
11,enrique asenjo,[],Mariano Barroso
12,enrique asenjo,[],Raquel Pérez
13,enrique asenjo,[],Dramaturgia Teatral
14,enrique asenjo,[],Mauricio Kartún
15,enrique asenjo,[],Dramaturgia Teatral
16,enrique asenjo,[],Eduardo Recabarren
17,enrique asenjo,[],Dramaturgia Teatral
18,enrique asenjo,[],Bernardo Kappa
19,enrique asenjo,[],Adriano Urissevich
20,enrique asenjo,['Rota'],Cristina Rota
21,enrique asenjo,[],
22,jacobo camarena,[],Javier Cifrián
23,jacobo camarena,[],
24,jacobo camarena,[],
25,jacobo camarena,[],Salvador Calvo
26,jacobo camarena,[],Carlos Sedes
27,jacobo camarena,[],Tonucha Vidal
28,jacobo camarena,[],Montxo Armendáriz
29,jacobo camarena,[],Gracia Querejeta
30,jacobo camarena,[],Déborah Borqué
31,jacobo camarena,[],Inma Torrente
32,jacobo camarena,[],Jesús Font
33,jacobo camarena,[],Marga Rodríguez
34,jacobo camarena,[],Andrés Cuenca
35,jacobo camarena,[],Antonio Recio
36,jacobo camarena,[],Paula Cámara
37,pedro carvalho,[],Casting Director
38,pedro carvalho,[],Luci Lenox
39,pedro carvalho,[],Casting Director
40,pedro carvalho,[],Manuel Puro
41,pedro carvalho,['Madrid'],Andrea Mizes
42,pedro carvalho,['Madrid'],Estudio Corazza
43,pedro carvalho,[],
44,pedro carvalho,[],
45,jason day,[],Buenos Aires
46,jason day,[],Aquila Morong
47,jason day,[],Los Ángeles
48,jason day,[],Deb Aquila
49,jason day,[],Ron Burrus
50,jason day,[],Julie Adams
51,prince ezeanyim,[],Escuela Superior
52,prince ezeanyim,[],Arte Dramático
53,prince ezeanyim,[],Estudio Corazza
54,prince ezeanyim,[],Andoni Larrabeiti
55,prince ezeanyim,[],Fernando Becerra
56,prince ezeanyim,[],Ernesto Arias
57,prince ezeanyim,[],Darío Valtancoli
58,prince ezeanyim,[],La Joven
59,prince ezeanyim,[],Andoni Larrabeiti
60,prince ezeanyim,[],La Joven
61,prince ezeanyim,[],Marco Magoa
62,prince ezeanyim,[],Andoni Larrabeiti
63,prince ezeanyim,[],La Joven
64,prince ezeanyim,[],Armando Buika
65,prince ezeanyim,[],Andoni Larrabeiti
66,prince ezeanyim,[],Claudia Coelho
67,prince ezeanyim,[],Andoni Larrabeiti
68,prince ezeanyim,[],Pablo Ibarluzea
69,prince ezeanyim,[],
70,prince ezeanyim,[],
71,carlos gorbe,[],Arte Dramático
72,carlos gorbe,[],Seminario Meisner
73,carlos gorbe,[],Yolanda Vega
74,carlos gorbe,[],Mar Navarro
75,carlos gorbe,[],
76,carlos gorbe,[],Estudio Dramático
77,carlos gorbe,[],Pablo Corral
78,carlos gorbe,[],Eva Zapico
79,carlos gorbe,['Valencia'],Creatividad Musical
80,carlos gorbe,['Valencia'],Creatividad Interpretativa
81,jorge kent,[],La Palabra
82,jorge kent,[],Ernesto Arias
83,jorge kent,[],Vicente Fuentes
84,jorge kent,[],La Transversalidad
85,jorge kent,[],Santiago Sánchez
86,jorge kent,[],Creación Sonora
87,jorge kent,[],Nacho Bilbao
88,jorge kent,[],Dramaturgia Actoral
89,jorge kent,[],Carles Alfaro
90,jorge kent,[],Creación Escénica
91,jorge kent,[],Alfredo Sanzol
92,jorge kent,[],Ernesto Caballero
93,jorge kent,[],Isabel Úbeda
94,jorge kent,[],Antonio Malonda
95,jorge kent,[],Pedro Víctor
96,jorge kent,[],Will Keen
97,jorge kent,[],Derek Chapman
98,jorge kent,[],
99,jorge kent,[],John Breen
100,jorge kent,[],
101,marina bellati,[],Estudio Nora
102,marina bellati,[],Matías Feldman
103,marina bellati,[],Santiago Gobernori
104,marina bellati,[],Instituto Eter
105,marina bellati,[],Héctor Sañudo
106,marina bellati,[],Estudio Nora
107,marina bellati,[],
108,marina bellati,[],Andrea Di
109,marina bellati,['Barcelona'],Arthur Schnitzler
110,marina bellati,['Barcelona'],Antonio Simón
111,marina bellati,['Barcelona'],El Timbal
112,marina bellati,['Barcelona'],Teatro Escuela
113,marina bellati,[],Sportivo Teatral
114,marina bellati,[],Ricardo Bartís
115,marina bellati,['Barcelona'],Manuel Lillo
116,marina bellati,['Barcelona'],Nancy Tuñón
117,marina bellati,['Barcelona'],Teatro Estudio
118,marina bellati,['Salvador'],Universidad Del
119,marina bellati,[],Estudio Nora
120,marina bellati,[],
121,ana bokesa,[],Ben Naylor
122,ana bokesa,[],Raquel Pérez
123,ana bokesa,[],La Joven
124,ana bokesa,[],Marisa Lull
125,ana bokesa,[],Javier Montero
126,ana bokesa,[],Teatro Español
127,ana bokesa,[],
128,andrea dueso,[],Lautaro Perotti
129,andrea dueso,[],Salvador Calvo
130,andrea dueso,[],Joven Compañía
131,andrea dueso,[],Curso Will
132,andrea dueso,[],Wiliam Shakespeare
133,andrea dueso,[],Máster Profesional
134,andrea dueso,[],Estudio Interactivo
135,andrea dueso,[],Fernando Piernas
136,andrea dueso,[],Eva Egido
137,andrea dueso,[],Juanma Navas
138,andrea dueso,[],Ángel Plana
139,andrea dueso,[],Bel Alzamora
140,andrea dueso,[],Escuela Interactivo
141,andrea dueso,[],De Interpretación
142,andrea dueso,[],Bárbara Fritsche
143,andrea dueso,[],Dani Díez
144,andrea dueso,[],
145,natalia huarte,['Madrid'],
146,natalia huarte,[],
147,natalia huarte,['New York'],Michael Chekhov
148,natalia huarte,['New York'],Acting Studio
149,natalia huarte,['New York'],New York
150,natalia huarte,[],Vicente Fuentes
151,natalia huarte,[],Roberta Carreri
152,natalia huarte,[],Odín Teatret
153,natalia huarte,[],Will Keen
154,natalia huarte,[],Alfredo Sanzol
155,natalia huarte,[],Andrés Lima
156,natalia huarte,[],Carlota Ferrer
157,natalia huarte,[],
158,natalia huarte,[],Fernanda Orazi
159,natalia huarte,[],
160,marina varem,[],Claudio Tolcachir
161,marina varem,[],Vanessa Rasero
162,marina varem,['Málaga'],Arte Dramático
163,marina varem,['Málaga'],Teatro Musical
164,marina varem,[],Alquimia Versal
165,marina varem,[],Carlos Aladro
166,marina varem,[],Inma Nieto
167,marina varem,[],Ernesto Arias
168,marina varem,[],
169,marina varem,[],Lautaro Perotti
170,marina varem,[],Francisco Conde
171,marina varem,[],Kurro González
172,marina varem,[],Teatro Físico
173,marina varem,[],Javier Herrero
174,marina varem,[],Fernando Sánchez
175,marina varem,['Santos'],Carlos Therón
176,marina varem,['Santos'],Manu Gómez
177,marina varem,['Santos'],Pedro Collantes
178,marina varem,['Santos'],Javier Marco
179,marina varem,['Santos'],David Martín
180,marina varem,['Santos'],Celia Rico
181,marina varem,['Santos'],Álvaro Gago
182,marina varem,['Santos'],Paula Cons
183,marina varem,['Santos'],Jose Luis
184,marina varem,['Santos'],Carmen Utrilla
185,marina varem,[],Alberto Cerrada
186,marina varem,[],Sergio Urbano
187,marina varem,[],Danza Clásica
188,marina varem,[],Método Vaganova
189,marina varem,[],Monográfico Danza
190,marina varem,[],Chorus Line
191,marina varem,[],Bayork Lee
192,marina varem,[],Caterina Chisesi
193,marina varem,[],Klauss Stauffer
194,iván-montes,no hay info,Tonucha Vidal
195,iván-montes,no hay info,Curso Interpretación
196,iván-montes,no hay info,Cristina Alcázar
197,iván-montes,no hay info,Artes Escénicas
198,iván-montes,no hay info,Curso Interpretación
199,iván-montes,no hay info,Cristina Alcázar
200,iván-montes,no hay info,Teatro Musical
201,iván-montes,no hay info,Baile Moderno
202,iván-montes,no hay info,
203,iván-montes,no hay info,
204,pepe-sevilla,Madrid,Grado Superior
205,pepe-sevilla,Madrid,Arte Dramático
206,pepe-sevilla,Madrid,Interpretación Textual
207,pepe-sevilla,no hay info,Filología Hispánica
208,pepe-sevilla,no hay info,
209,mateo-rubistein,no hay info,Mar Navarro
210,mateo-rubistein,no hay info,Andrés Hernández
211,mateo-rubistein,no hay info,Universidad Rey
212,mateo-rubistein,no hay info,Juan Carlos
213,mateo-rubistein,no hay info,Alberto Rodríguez
214,mateo-rubistein,no hay info,Rafael Cobos
215,mateo-rubistein,no hay info,Cristina Rota
216,mateo-rubistein,no hay info,Benito Zambrano
217,mateo-rubistein,no hay info,
218,mateo-rubistein,no hay info,
219,mateo-rubistein,no hay info,
220,mateo-rubistein,no hay info,
221,mateo-rubistein,no hay info,
222,mateo-rubistein,no hay info,
223,víctor-castilla,Málaga,Escuela Superior
224,víctor-castilla,Málaga,Arte Dramático
225,víctor-castilla,no hay info,
226,víctor-castilla,no hay info,
227,víctor-castilla,no hay info,
228,víctor-castilla,no hay info,
229,víctor-castilla,no hay info,
230,víctor-castilla,no hay info,
231,víctor-castilla,no hay info,
232,david-mora,no hay info,Giles Foreman
233,david-mora,no hay info,Estudio Corazza
234,david-mora,no hay info,Curso Anual
235,david-mora,no hay info,Estudio Juan
236,david-mora,no hay info,Chules Piñiango
237,david-mora,no hay info,Raquel Pérez
238,david-mora,no hay info,Estudio Interactivo
239,david-mora,no hay info,Raquel Pérez
240,david-mora,no hay info,Vicente Fuentes
241,david-mora,no hay info,Sara Pérez
242,david-mora,no hay info,Laura Toledo
243,david-mora,no hay info,Inés Piñole
244,david-mora,no hay info,
245,david-mora,no hay info,Cambrigde Certificate
246,david-mora,no hay info,Advanced English
247,david-mora,no hay info,
248,david-mora,no hay info,
249,david-mora,no hay info,
250,david-mora,no hay info,Mejor Actor
251,david-mora,no hay info,Los Amigos
252,david-mora,no hay info,Euphoria Int
253,david-mora,no hay info,Comunicación Audiovisual
254,david-mora,no hay info,
255,ángel-velasco,Málaga,Escuela Superior
256,ángel-velasco,Málaga,Arte Dramático
257,ángel-velasco,no hay info,Lorena García
258,ángel-velasco,no hay info,Sara Nuñez
259,ángel-velasco,no hay info,Luisa Ezquerra
260,ángel-velasco,no hay info,Locución Luisa
261,ángel-velasco,no hay info,Voz Método
262,ángel-velasco,no hay info,Prado Pinilla
263,ángel-velasco,no hay info,Charlie Levi
264,ángel-velasco,no hay info,Máster Interpretación
265,ángel-velasco,no hay info,
266,ángel-velasco,no hay info,
267,ángel-velasco,no hay info,
268,ángel-velasco,no hay info,
269,agustin-otón,Murcia,Arte Dramático
270,agustin-otón,no hay info,
271,agustin-otón,Holstebro,Isabel Úbeda
272,agustin-otón,no hay info,
273,agustin-otón,no hay info,
274,agustin-otón,no hay info,
275,agustin-otón,no hay info,Antón Valen
276,agustin-otón,no hay info,
277,agustin-otón,no hay info,
278,agustin-otón,no hay info,
279,agustin-otón,no hay info,Educación Musical
280,agustin-otón,no hay info,
281,agustin-otón,no hay info,
282,agustin-otón,no hay info,
283,agustin-otón,no hay info,
284,agustin-otón,no hay info,
285,agustin-otón,no hay info,
286,agustin-otón,no hay info,
287,agustin-otón,no hay info,
288,rubén-de-eguía,no hay info,
289,rubén-de-eguía,Temple,
290,rubén-de-eguía,no hay info,Jerzy Grotowski
291,rubén-de-eguía,no hay info,Juan Carlos
292,rubén-de-eguía,no hay info,Claudio Tolcachir
293,rubén-de-eguía,no hay info,Teatro Revelación
294,rubén-de-eguía,no hay info,La Vida
295,rubén-de-eguía,no hay info,Por Delante
296,rubén-de-eguía,no hay info,
297,rubén-de-eguía,no hay info,
298,rubén-de-eguía,no hay info,
299,jesús-caba,Rota,Arte Dramático
300,jesús-caba,Rota,Cristina Rota
301,jesús-caba,Barcelona,Nancy Tuñon
302,jesús-caba,no hay info,Joaquín Oristrell
303,josé-gabriel-campos,Murcia,Arte Dramático
304,josé-gabriel-campos,Murcia,Escuela Superior
305,josé-gabriel-campos,Murcia,Arte Dramático
306,josé-gabriel-campos,no hay info,Aptitud Pedagógica
307,josé-gabriel-campos,no hay info,Universitat Jaume
308,josé-gabriel-campos,Compostela,Escuela Internacional
309,josé-gabriel-campos,Compostela,Antón Valen
310,josé-gabriel-campos,Compostela,Norman Taylor
311,josé-gabriel-campos,Compostela,Claudia Contín
312,josé-gabriel-campos,Compostela,Ferruccio Merisi
313,josé-gabriel-campos,no hay info,Scuola Internazionale
314,josé-gabriel-campos,no hay info,Attore Comico
315,josé-gabriel-campos,no hay info,Antonio Fava
316,josé-gabriel-campos,no hay info,Reggio Emilia
317,josé-gabriel-campos,no hay info,Antón Valén
318,josé-gabriel-campos,Madrid,Valdimir Olshansky
319,josé-gabriel-campos,Madrid,Residui Teatro
320,josé-gabriel-campos,no hay info,Estill Voice
321,josé-gabriel-campos,no hay info,Hellen Rowson
322,josé-gabriel-campos,Murcia,Centro Párraga
323,josé-gabriel-campos,no hay info,Stage Internationale
324,josé-gabriel-campos,no hay info,Antonio Fava
325,josé-gabriel-campos,no hay info,Reggio Emilia
326,josé-gabriel-campos,Valencia,Carles Castillo
327,josé-gabriel-campos,Murcia,Matej Matejka
328,josé-gabriel-campos,Murcia,Gema Galiana
329,josé-gabriel-campos,no hay info,Instytut Grotowskiego
330,josé-gabriel-campos,no hay info,
331,josé-gabriel-campos,no hay info,Técnica Gestual
332,josé-gabriel-campos,no hay info,Scuola Internazionale
333,josé-gabriel-campos,no hay info,Attore Comico
334,josé-gabriel-campos,no hay info,Antonio Fava
335,josé-gabriel-campos,no hay info,Reggio Emilia
336,josé-gabriel-campos,Murcia,Stage Internazionale
337,josé-gabriel-campos,Murcia,Reggio Emilia
338,josé-gabriel-campos,Murcia,Collectif Au
339,josé-gabriel-campos,Murcia,Kreativhaus Berlin
340,josé-gabriel-campos,Murcia,Porto Iracema
341,josé-gabriel-campos,no hay info,
342,josé-gabriel-campos,no hay info,
343,josé-gabriel-campos,no hay info,
344,josé-gabriel-campos,no hay info,
345,josé-gabriel-campos,no hay info,
346,josé-gabriel-campos,no hay info,
347,josé-gabriel-campos,no hay info,
348,josé-gabriel-campos,no hay info,
349,josé-gabriel-campos,no hay info,
350,josé-gabriel-campos,no hay info,
351,josé-gabriel-campos,no hay info,
352,iván-cózar,no hay info,
353,iván-cózar,Murcia,Arte Dramático
354,iván-cózar,no hay info,
355,iván-cózar,no hay info,Cristina Alcaraz
356,iván-cózar,no hay info,Eva Torres
357,iván-cózar,no hay info,
358,iván-cózar,no hay info,Bufón Pablo
359,iván-cózar,no hay info,Lecoq Estudis
360,iván-cózar,no hay info,Berty Tovías
361,iván-cózar,no hay info,Antón Valén
362,iván-cózar,no hay info,Pablo Bermejo
363,iván-cózar,no hay info,David García
364,iván-cózar,no hay info,
365,iván-cózar,no hay info,
366,iván-cózar,no hay info,
367,ramon-san-román,no hay info,Lorena Bayona
368,ramon-san-román,no hay info,Técnica Meisner
369,ramon-san-román,no hay info,Javier Galitó
370,ramon-san-román,no hay info,
371,ramon-san-román,no hay info,Fernando Piernas
372,ramon-san-román,no hay info,
373,ramon-san-román,no hay info,Carmen Rico
374,ramon-san-román,no hay info,Escuela Estudio
375,ramon-san-román,no hay info,Mario Bolaños
376,ramon-san-román,no hay info,
377,ramon-san-román,Pereira,Gerardo Herrero
378,ramon-san-román,Pereira,Tornasol Films
379,ramon-san-román,Pereira,Javier Fesser
380,ramon-san-román,Pereira,Manuel Gómez
381,ramon-san-román,no hay info,Juan León
382,ramon-san-román,no hay info,Kike Narcea
383,ramon-san-román,no hay info,Carla Revuelta
384,ramon-san-román,no hay info,Inma Torrente
385,ramon-san-román,no hay info,Jorge Navas
386,ramon-san-román,no hay info,José Luis
387,ramon-san-román,no hay info,Juan Gonzalez
388,ramon-san-román,no hay info,Verso Juan
389,ramon-san-román,no hay info,Manuel Navas
390,ramon-san-román,no hay info,Alberto Magallares
391,ramon-san-román,no hay info,Carlos Manzanares
392,ramon-san-román,no hay info,Expresión Corporal
393,ramon-san-román,no hay info,Eva Egido
394,ramon-san-román,no hay info,
395,ramon-san-román,no hay info,
396,miguel-ángel-puro,Murcia,Arte Dramático
397,miguel-ángel-puro,no hay info,
398,miguel-ángel-puro,no hay info,
399,gonzalo-trujillo,no hay info,Pedro Álvarez
400,gonzalo-trujillo,no hay info,La Fundición
401,gonzalo-trujillo,Madrid,
402,gonzalo-trujillo,no hay info,Vicente Fuentes
403,gonzalo-trujillo,no hay info,Jose María
404,gonzalo-trujillo,no hay info,José Masegosa
405,gonzalo-trujillo,no hay info,Esperanza Abad
406,gonzalo-trujillo,no hay info,Concha Doñaque
407,gonzalo-trujillo,no hay info,Carmelo Gómez
408,gonzalo-trujillo,no hay info,Álvaro Haro
409,gonzalo-trujillo,no hay info,Gabriel Olivares
410,gonzalo-trujillo,no hay info,Carlota Ferrer
411,gonzalo-trujillo,no hay info,Claudio Tolcachir
412,gonzalo-trujillo,no hay info,
413,gonzalo-trujillo,no hay info,
414,gonzalo-trujillo,no hay info,
415,javier-mula,Murcia,Arte Dramático
416,javier-mula,Barcelona,Andrés Lima
417,javier-mula,Barcelona,Ramón Fonserre
418,javier-mula,Barcelona,El Joglars
419,javier-mula,Barcelona,Norman Taylor
420,javier-mula,Barcelona,Antón Valén
421,javier-mula,Barcelona,Carles Castillo
422,javier-mula,Barcelona,Enríque Martínez
423,javier-mula,Barcelona,Odín Teatret
424,javier-mula,Barcelona,Escuela Internacional
425,javier-mula,Barcelona,Mimo Dramático
426,javier-mula,no hay info,Actores Madrid
427,javier-mula,no hay info,José Manuel
428,javier-mula,no hay info,Benito Zambrano
429,javier-mula,no hay info,Manuela Burló
430,javier-mula,no hay info,Mar Olid
431,javier-mula,no hay info,Cristina Alcázar
432,javier-mula,no hay info,
433,dani-paz,no hay info,
434,dani-paz,Madrid,
435,dani-gallardo,Madrid,Escuela Superior
436,dani-gallardo,Madrid,Arte Dramático
437,dani-gallardo,no hay info,
438,dani-gallardo,no hay info,View Points
439,dani-gallardo,no hay info,City Company
440,dani-gallardo,no hay info,Anne Bogart
441,dani-gallardo,no hay info,David Planell
442,dani-gallardo,no hay info,Ángelo Crotti
443,dani-gallardo,no hay info,Teatro Asura
444,dani-gallardo,Layton,Laboratorio William
445,dani-gallardo,Layton,Paca Ojea
446,dani-gallardo,Layton,Pepe Vidal
447,dani-gallardo,no hay info,Dario Valtancoli
448,dani-gallardo,no hay info,Alejandro Tous
449,dani-gallardo,no hay info,Ana Puerto
450,dani-gallardo,no hay info,Carmen Rico
451,dani-gallardo,no hay info,
452,dani-gallardo,no hay info,
453,dani-gallardo,no hay info,San Sebastia
454,dani-gallardo,no hay info,
455,carlos-de-austria,no hay info,Roger Gual
456,carlos-de-austria,no hay info,Benito Zambrano
457,carlos-de-austria,no hay info,Vicente Fuentes
458,carlos-de-austria,no hay info,Carles Alfaro
459,carlos-de-austria,no hay info,Carmen Rico
460,carlos-de-austria,no hay info,Manuel Canseco
461,carlos-de-austria,no hay info,Paz Sayago
462,carlos-de-austria,no hay info,
463,carlos-de-austria,no hay info,
464,carlos-de-austria,no hay info,
465,pablo-vázquez,no hay info,
466,pablo-vázquez,no hay info,
467,pablo-vázquez,no hay info,
468,pablo-vázquez,Casablanca,Premio Mejor
469,pablo-vázquez,Casablanca,Actor Secundario
470,pablo-vázquez,Casablanca,Teatro Internacional
471,pablo-vázquez,Sitges,La Guarida
472,pablo-vázquez,Sitges,Personaje Matías
473,alejandro-sigüenza,no hay info,Arte Dramático
474,alejandro-sigüenza,no hay info,
475,alejandro-sigüenza,no hay info,Técnica Chevoj
476,alejandro-sigüenza,no hay info,Carlos Aladro
477,alejandro-sigüenza,no hay info,Vicente Fuentes
478,alejandro-sigüenza,no hay info,Danza Histórica
479,alejandro-sigüenza,no hay info,Javier García
480,alejandro-sigüenza,no hay info,Percusión Antigua
481,alejandro-sigüenza,no hay info,Rodrigo Muñoz
482,alejandro-sigüenza,no hay info,El Movimiento
483,alejandro-sigüenza,no hay info,Norman Taylor
484,alejandro-sigüenza,no hay info,Creación Teatral
485,alejandro-sigüenza,no hay info,Santiago Sánchez
486,alejandro-sigüenza,no hay info,Mi Vida
487,alejandro-sigüenza,no hay info,
488,juanma-cifuentes,no hay info,
489,juanma-cifuentes,no hay info,
490,juanma-cifuentes,Madrid,
491,juanma-cifuentes,no hay info,
492,juanma-cifuentes,no hay info,
493,juanma-cifuentes,no hay info,
494,juanma-cifuentes,no hay info,
495,juanma-cifuentes,no hay info,
496,manu-hernández,Murcia,Arte Dramático
497,manu-hernández,no hay info,
498,manu-hernández,no hay info,
499,manu-hernández,no hay info,
500,manu-hernández,no hay info,
501,manu-hernández,no hay info,
502,manu-hernández,no hay info,
503,carlos-seguí,Murcia,Arte Dramático
504,carlos-seguí,no hay info,Macarena Pombo
505,carlos-seguí,no hay info,Interpretación Audiovisual
506,carlos-seguí,no hay info,Ramón Quesada
507,carlos-seguí,no hay info,Luis Gimeno
508,carlos-seguí,no hay info,Anne Morine
509,carlos-seguí,no hay info,Valeria Ardito
510,carlos-seguí,no hay info,
511,carlos-seguí,no hay info,
512,carlos-seguí,no hay info,Danza Jazz
513,carlos-seguí,no hay info,
514,fernando-moraleda,no hay info,Pape Pérez
515,fernando-moraleda,no hay info,Arte Dramático
516,fernando-moraleda,no hay info,Actores Gina
517,fernando-moraleda,no hay info,Paco Pino
518,fernando-moraleda,no hay info,El Actor
519,fernando-moraleda,no hay info,Pape Pérez
520,fernando-moraleda,no hay info,
521,víctor-huerta,no hay info,Montxo Armandariz
522,joaquín-gómez,no hay info,
523,joaquín-gómez,no hay info,Antonio Bolinches
524,joaquín-gómez,no hay info,Alberto Miralles
525,joaquín-gómez,no hay info,Antonio Chic
526,joaquín-gómez,no hay info,
527,paula-gallego,no hay info,
528,paula-gallego,no hay info,
529,paula-gallego,no hay info,
530,alejandra-lorenzo,no hay info,Curso El
531,alejandra-lorenzo,no hay info,Galo Figueira
532,alejandra-lorenzo,no hay info,Médula Índigo
533,alejandra-lorenzo,no hay info,
534,alejandra-lorenzo,no hay info,
535,alejandra-lorenzo,no hay info,
536,alejandra-lorenzo,no hay info,
537,alejandra-lorenzo,no hay info,
538,alejandra-lorenzo,no hay info,
539,irene-rojo,no hay info,Julián Fuentes
540,irene-rojo,no hay info,José Carlos
541,irene-rojo,no hay info,Carlota Ferrer
542,irene-rojo,no hay info,Verónica Ronda
543,irene-rojo,no hay info,Andrés Lima
544,irene-rojo,no hay info,Claudio Tolcachir
545,irene-rojo,no hay info,Juan Codina
546,irene-rojo,no hay info,Psicoterapia Gestalt
547,irene-rojo,no hay info,John Strasberg
548,irene-rojo,no hay info,Lucas Condró
549,irene-rojo,no hay info,Francesco Carrill
550,irene-rojo,no hay info,Chevy Muraday
551,irene-rojo,no hay info,Alberto Velasco
552,irene-rojo,no hay info,Javi Luna
553,irene-rojo,no hay info,Jose Manuel
554,irene-rojo,no hay info,Alfonso Albacete
555,irene-rojo,no hay info,Carmen Rico
556,irene-rojo,no hay info,Fernando Soto
557,irene-rojo,no hay info,Roberto Cerdá
558,irene-rojo,no hay info,Intensivo Suzuki
559,irene-rojo,no hay info,Gabriel Olivares
560,irene-rojo,no hay info,Juan Carlos
561,irene-rojo,no hay info,Mar Navarro
562,irene-rojo,no hay info,Andrés Hernández
563,irene-rojo,no hay info,Eduardo Casanova
564,irene-rojo,no hay info,Técnica Meisner
565,irene-rojo,no hay info,Yolanda Vega
566,irene-rojo,no hay info,Raquel Pérez
567,irene-rojo,no hay info,Rosa Manteiga
568,irene-rojo,no hay info,Escuela Internacional
569,irene-rojo,no hay info,Chemi López
570,irene-rojo,no hay info,Escuela Internacional
571,irene-rojo,no hay info,
572,irene-rojo,no hay info,Intensivo Interpretación
573,irene-rojo,no hay info,Nacho Guerreros
574,irene-rojo,no hay info,Curso Intensivo
575,irene-rojo,no hay info,Verónica Forqué
576,irene-rojo,no hay info,Escuela Expresando
577,irene-rojo,no hay info,Workshop Teatro
578,irene-rojo,no hay info,Victor Ullate
579,irene-rojo,no hay info,Niko Ibañez
580,irene-rojo,no hay info,Laura Rodriguez
581,irene-rojo,no hay info,Javier Olivares
582,irene-rojo,no hay info,Esteban Roel
583,irene-rojo,no hay info,Andrés Cuenca
584,irene-rojo,no hay info,Actores Unir
585,irene-rojo,no hay info,Casting Carlos
586,irene-rojo,no hay info,William Layton
587,irene-rojo,no hay info,Andrea Jaurrieta
588,irene-rojo,no hay info,
589,irene-rojo,no hay info,
590,irene-rojo,no hay info,Educación Social
591,irene-rojo,no hay info,
592,irene-rojo,no hay info,
593,irene-rojo,no hay info,
594,irene-rojo,no hay info,
595,raquel-nogueira,no hay info,Real Escuela
596,raquel-nogueira,no hay info,Arte Dramático
597,raquel-nogueira,no hay info,Escuela Municipal
598,raquel-nogueira,Santiago de Compostela,Vicente Fuentes
599,raquel-nogueira,no hay info,María Velasco
600,raquel-nogueira,no hay info,Centro Dramático
601,raquel-nogueira,no hay info,Cámara Avanzado
602,raquel-nogueira,no hay info,Actores Madrid
603,raquel-nogueira,no hay info,Juana Martinez
604,raquel-nogueira,no hay info,Escuela Actores
605,raquel-nogueira,no hay info,José Padilla
606,raquel-nogueira,no hay info,Will Keen
607,raquel-nogueira,no hay info,Ernesto Arias
608,raquel-nogueira,no hay info,Rodrigo Arribas
609,raquel-nogueira,no hay info,Charo Amador
610,raquel-nogueira,no hay info,
611,raquel-nogueira,no hay info,
612,raquel-nogueira,no hay info,
613,ana-verónica-schultz,no hay info,Técnico Superior
614,ana-verónica-schultz,no hay info,Artes Escénicas
615,ana-verónica-schultz,no hay info,Escuela Nacional
616,ana-verónica-schultz,no hay info,Artes Escénicas
617,ana-verónica-schultz,no hay info,César Rengifo
618,ana-verónica-schultz,no hay info,Frankenstein Studio
619,ana-verónica-schultz,no hay info,Casting Nathalie
620,ana-verónica-schultz,no hay info,
621,ana-verónica-schultz,no hay info,Blubalum Film
622,ana-verónica-schultz,no hay info,Álvaro Morte
623,ana-verónica-schultz,Barcelona,
624,ana-verónica-schultz,no hay info,Francisco Díaz
625,ana-verónica-schultz,no hay info,Coliseo Toledano
626,ana-verónica-schultz,no hay info,Pedro Ballesteros
627,ana-verónica-schultz,no hay info,Genis Pérez
628,ana-verónica-schultz,no hay info,Aníbal Grun
629,ana-verónica-schultz,Caracas,Belinda Villanueva
630,ana-verónica-schultz,Caracas,Radio Televisión
631,ana-verónica-schultz,no hay info,Gerónimo Reyes
632,ana-verónica-schultz,no hay info,Compañía Nacional
633,ana-verónica-schultz,Caracas,Formación Escénica
634,ana-verónica-schultz,no hay info,Escuela Superior
635,ana-verónica-schultz,no hay info,Arte Escénico
636,ana-verónica-schultz,no hay info,Juana Sujo
637,ana-verónica-schultz,no hay info,Formación Escénica
638,ana-verónica-schultz,no hay info,
639,ana-verónica-schultz,no hay info,
640,ana-verónica-schultz,no hay info,
641,ana-verónica-schultz,no hay info,
642,gemma-marín,no hay info,Juan Codina
643,gemma-marín,no hay info,Juan Codina
644,gemma-marín,no hay info,Drama Acting
645,gemma-marín,no hay info,Raquel Pérez
646,gemma-marín,no hay info,Cold Reading
647,gemma-marín,no hay info,Anthony Meindl
648,gemma-marín,no hay info,Accent Coach
649,gemma-marín,no hay info,Esther Caporale
650,gemma-marín,no hay info,
651,gemma-marín,no hay info,
652,gemma-marín,no hay info,
653,gemma-marín,no hay info,Inglés Biling
654,silvia-acosta,Sevilla,Arte Dramático
655,silvia-acosta,Sevilla,Escuela Superior
656,silvia-acosta,Sevilla,Arte Dramático
657,silvia-acosta,no hay info,Alex Rigola
658,silvia-acosta,no hay info,Carmen Rico
659,silvia-acosta,no hay info,Jose Carlos
660,silvia-acosta,no hay info,Gabriel Olivares
661,silvia-acosta,no hay info,Alfredo Sanzol
662,silvia-acosta,no hay info,Danza Contemporánea
663,silvia-acosta,no hay info,Chevy Muraday
664,silvia-acosta,no hay info,Jose Carlos
665,silvia-acosta,no hay info,Jose Luis
666,silvia-acosta,no hay info,Ernesto Arias
667,silvia-acosta,no hay info,Vicente Fuentes
668,silvia-acosta,no hay info,La Vida
669,silvia-acosta,no hay info,Carles Alfaro
670,silvia-acosta,Saratoga Springs,Company Summer
671,silvia-acosta,Saratoga Springs,Anne Bogart
672,silvia-acosta,Saratoga Springs,Saratoga Springs
673,silvia-acosta,Saratoga Springs,Nueva York
674,silvia-acosta,no hay info,Programa Educacional
675,silvia-acosta,no hay info,Instituto Grotowsky
676,silvia-acosta,no hay info,Raúl Iaiza
677,silvia-acosta,Sevilla,Investigación Teatral
678,silvia-acosta,Madrid,
679,silvia-acosta,no hay info,
680,silvia-acosta,no hay info,
681,silvia-acosta,no hay info,
682,bárbara-oteiza,no hay info,
683,bárbara-oteiza,no hay info,Paz Go
684,bárbara-oteiza,no hay info,Working Progress
685,bárbara-oteiza,no hay info,Masterclass Bernard
686,bárbara-oteiza,no hay info,Susan Batson
687,bárbara-oteiza,Layton,Laboratorio William
688,bárbara-oteiza,no hay info,Gimnasia Rítmica
689,bárbara-oteiza,no hay info,
690,ana-roche,no hay info,Arte Dramático
691,ana-roche,Versailles,Académie Internationale
692,ana-roche,no hay info,Grado Medio
693,ana-roche,no hay info,Danza Contemporánea
694,ana-roche,no hay info,Area Bcn
695,ana-roche,no hay info,Centre Superior
696,ana-roche,no hay info,Grado Elemental
697,ana-roche,no hay info,
698,ana-roche,no hay info,
699,ana-roche,no hay info,
700,ana-roche,no hay info,
701,ana-roche,no hay info,
702,ana-roche,no hay info,Escuela Municipal
703,ana-roche,Almansa,Lorena La
704,ana-roche,Almansa,Universidad Popular
705,ana-roche,no hay info,
706,ana-roche,no hay info,
707,ana-del-arco,no hay info,Real Escuela
708,ana-del-arco,no hay info,Arte Drama
709,ana-del-arco,no hay info,Danza Cla
710,ana-del-arco,no hay info,Conservatorio Profesional
711,ana-del-arco,no hay info,Fernando Piernas
712,ana-del-arco,no hay info,Mariano Barroso
713,ana-del-arco,no hay info,Lucha Esce
714,ana-del-arco,no hay info,
715,ana-del-arco,no hay info,
716,ana-del-arco,no hay info,
717,ana-del-arco,no hay info,
718,ana-del-arco,no hay info,
719,ana-del-arco,no hay info,
720,solange-bruzual,Madrid,
721,solange-bruzual,no hay info,Cristina Alcazar
722,solange-bruzual,no hay info,Pole Dance
723,solange-bruzual,no hay info,
724,solange-bruzual,no hay info,
725,solange-bruzual,no hay info,Curso Coaching
726,solange-bruzual,no hay info,
727,solange-bruzual,no hay info,Ballet Clásico
728,solange-bruzual,no hay info,
729,solange-bruzual,no hay info,Pole Dance
730,camille-glemet,New York,Tisch School
731,camille-glemet,New York,New York
732,camille-glemet,New York,Nueva York
733,camille-glemet,no hay info,
734,camille-glemet,Paris,Cours Florent
735,camille-glemet,Paris,European Acting
736,camille-glemet,Paris,Po Paris
737,camille-glemet,no hay info,
738,camille-glemet,no hay info,
739,camille-glemet,no hay info,Workshop Tennessee
740,camille-glemet,no hay info,Jordan Beswick
741,camille-glemet,no hay info,Dan Hubbard
742,camille-glemet,no hay info,Álvaro Fernandez
743,camille-glemet,no hay info,Actores Madrid
744,camille-glemet,Paris,Studio Pygmalion
745,camille-glemet,Paris,Pascal Luneau
746,camille-glemet,Paris,Caitlin Adams
747,camille-glemet,Paris,Acting Workshop
748,camille-glemet,Paris,Damien Acoca
749,camille-glemet,Paris,Nora Habib
750,camille-glemet,no hay info,
751,camille-glemet,no hay info,
752,camille-glemet,no hay info,
753,camille-glemet,no hay info,
754,camille-glemet,Madrid,Music Hall
755,camille-glemet,Madrid,Luis Santamaria
756,camille-glemet,Madrid,Arts Chorégraphiques
757,camille-glemet,Madrid,Faure Paris
758,camille-glemet,Madrid,Tisch School
759,camille-glemet,Madrid,Arts New
760,camille-glemet,Madrid,York University
761,camille-glemet,no hay info,
762,camille-glemet,no hay info,
763,maría-herrador,Córdoba,
764,maría-herrador,Madrid,
765,maría-herrador,Madrid,Jaime Chávarri
766,maría-herrador,no hay info,Performance Art
767,maría-herrador,Madrid,Miguel Punzano
768,maría-herrador,Madrid,Lorena García
769,maría-herrador,Madrid,
770,maría-herrador,no hay info,Laboratorio Rivas
771,maría-herrador,no hay info,Centro Dramático
772,maría-herrador,Granada,Alberto Cortés
773,maría-herrador,Madrid,
774,maría-herrador,no hay info,
775,maría-herrador,no hay info,
776,maría-herrador,no hay info,
777,maría-herrador,no hay info,
778,maría-herrador,no hay info,
779,maría-herrador,no hay info,
780,maría-herrador,no hay info,
781,camino-fernández,Layton,Laboratorio William
782,camino-fernández,Layton,John Strasberg
783,camino-fernández,no hay info,
784,camino-fernández,no hay info,Cristina García
785,camino-fernández,no hay info,Studi Danza
786,camino-fernández,no hay info,Gianni Zaril
787,camino-fernández,no hay info,
788,camino-fernández,no hay info,Victor Ullate
789,camino-fernández,no hay info,Teatro Auditorio
790,camino-fernández,no hay info,Víctor Ullate
791,camino-fernández,no hay info,Teatro Albeniz
792,camino-fernández,no hay info,
793,camino-fernández,no hay info,
794,elena-rayos,no hay info,Arte Dramático
795,elena-rayos,no hay info,Real Escuela
796,elena-rayos,no hay info,Arte Dramático
797,elena-rayos,no hay info,
798,elena-rayos,no hay info,
799,elena-rayos,no hay info,
800,elena-rayos,no hay info,
801,inge-martín,no hay info,Antropología Social
802,inge-martín,Madrid,Interpretación Textual
803,inge-martín,no hay info,Performing Arts
804,inge-martín,no hay info,Middlesex University
805,inge-martín,Buenos Aires,Curso Regular
806,inge-martín,Buenos Aires,Alejandro Catalán
807,inge-martín,Buenos Aires,Buenos Aires
808,inge-martín,Madrid,Declan Donellan
809,inge-martín,Madrid,Centro Dramático
810,inge-martín,Buenos Aires,Javier Daulte
811,inge-martín,Buenos Aires,El Callejón
812,inge-martín,Buenos Aires,Buenos Aires
813,inge-martín,Mariano,
814,inge-martín,no hay info,Susan Batson
815,inge-martín,no hay info,
816,inge-martín,no hay info,
817,inge-martín,no hay info,
818,inge-martín,no hay info,
819,inge-martín,no hay info,
820,inge-martín,no hay info,
821,inge-martín,no hay info,
822,inge-martín,Madrid,Danza Clásica
823,inge-martín,Madrid,Estudio Carmen
824,inge-martín,no hay info,
825,inge-martín,Un,Premio Mi
826,inge-martín,Un,El Mundo
827,inge-martín,no hay info,
828,natalia-hernández,no hay info,Projet Thierry
829,natalia-hernández,no hay info,Antonio Latella
830,natalia-hernández,no hay info,Teatro Clásico
831,natalia-hernández,no hay info,Denis Rafter
832,natalia-hernández,no hay info,Compañía Nacional
833,natalia-hernández,no hay info,Teatro Clásico
834,natalia-hernández,no hay info,Cesar Oliva
835,natalia-hernández,no hay info,Teatro Clásico
836,natalia-hernández,no hay info,Teatro Clásico
837,natalia-hernández,no hay info,Arte Dramático
838,natalia-hernández,no hay info,Real Escuela
839,natalia-hernández,no hay info,Arte Dramatico
840,natalia-hernández,no hay info,Dña Micheline
841,natalia-hernández,Un,Angel Gutiérrez
842,natalia-hernández,no hay info,Dña Yolanda
843,natalia-hernández,Madrid,Real Conservatorio
844,natalia-hernández,no hay info,
845,natalia-hernández,no hay info,
846,natalia-hernández,no hay info,Sigfredo Diaz
847,natalia-hernández,no hay info,Julio Pardo
848,natalia-hernández,London,Royal Academy
849,natalia-hernández,no hay info,Experiencia Musical
850,natalia-hernández,no hay info,Zorba El
851,natalia-hernández,no hay info,Gustavo Tambascio
852,natalia-hernández,no hay info,Bellas Artes
853,natalia-hernández,no hay info,
854,natalia-hernández,no hay info,
855,natalia-hernández,Como,
856,natalia-hernández,Como,
857,natalia-hernández,no hay info,Teresa Berganza
858,natalia-hernández,no hay info,
859,anabel-maurín,Córdoba,Arte Dramático
860,anabel-maurín,Madrid,Teatro Clásico
861,anabel-maurín,no hay info,
862,anabel-maurín,no hay info,José Carlos
863,anabel-maurín,no hay info,Pablo Messiez
864,anabel-maurín,no hay info,Will Keen
865,anabel-maurín,no hay info,Juan Cavestany
866,anabel-maurín,no hay info,Martín Cuenca
867,anabel-maurín,no hay info,Augusto Fernándes
868,anabel-maurín,no hay info,Mar Navarro
869,anabel-maurín,no hay info,
870,anabel-maurín,no hay info,Conservatorio Superior
871,anabel-maurín,no hay info,
872,anabel-maurín,no hay info,Asesora Voz
873,anabel-maurín,no hay info,Borja Rodríguez
874,anabel-maurín,no hay info,Ballet Rafael
875,anabel-maurín,no hay info,La Hermosa
876,anabel-maurín,no hay info,Borja Rodríguez
877,anabel-maurín,no hay info,Esgrima Escénica
878,anabel-maurín,no hay info,Federico Wergne
879,anabel-maurín,Monzón,
880,anabel-maurín,no hay info,Colaboradora Cadena
881,anabel-maurín,no hay info,Ser Puertollano
882,anabel-maurín,no hay info,
883,anabel-maurín,no hay info,Nivel Medio
884,anabel-maurín,no hay info,
885,tatiana-astengo,Una,Gilbert Rouvi
886,tatiana-astengo,Una,Bruno Pereyra
887,tatiana-astengo,Una,Taller Timbre
888,tatiana-astengo,Una,Módulos Dirección
889,tatiana-astengo,Una,Claudio Tocachir
890,tatiana-astengo,Una,Fernando Piernas
891,tatiana-astengo,Una,Fernando Piernas
892,tatiana-astengo,Una,Estudio Internacional
893,tatiana-astengo,Una,Juan Carlos
894,tatiana-astengo,Una,Madrid En
895,tatiana-astengo,Una,Elvira Vicario
896,tatiana-astengo,Una,Improvisación Dirección
897,tatiana-astengo,Una,Consuelo Trujillo
898,tatiana-astengo,Una,Técnica Dirección
899,tatiana-astengo,Una,Manuel Morán
900,tatiana-astengo,Una,Universidad Católica
901,tatiana-astengo,Una,Dirección Cinematográfica
902,tatiana-astengo,Una,Peter Foster
903,tatiana-astengo,Una,Personaje Dirección
904,tatiana-astengo,Una,Peter Foster
905,tatiana-astengo,Una,Clown Dirección
906,tatiana-astengo,Una,July Natters
907,tatiana-astengo,Una,Dirección Escénica
908,tatiana-astengo,Una,De Material
909,tatiana-astengo,Una,Dramático Dirección
910,tatiana-astengo,Una,Jorge Guerra
911,tatiana-astengo,Una,New World
912,tatiana-astengo,Una,Teoría Teatral
913,tatiana-astengo,Una,Alberto Isola
914,tatiana-astengo,Una,Expresión Corporal
915,tatiana-astengo,Una,Danza Dirección
916,tatiana-astengo,Una,Mirella Carbone
917,tatiana-astengo,Una,Impostación Vocal
918,tatiana-astengo,Una,Teresa Rally
919,tatiana-astengo,Una,José Bárcenas
920,tatiana-astengo,Una,Escuela Cantorium
921,tatiana-astengo,Una,Mariella Monzón
922,tatiana-astengo,Una,Manuel Cuadros
923,tatiana-astengo,Una,Bar Impostación
924,tatiana-astengo,Una,Canto Dirección
925,tatiana-astengo,Una,Manuel Cuadros
926,tatiana-astengo,Una,Club Teatro
927,tatiana-astengo,Una,Lima Arte
928,tatiana-astengo,Una,Dramático Dirección
929,tatiana-astengo,Una,Reynaldo Damore
930,tatiana-astengo,Una,Universidad San
931,tatiana-astengo,Una,Porres Ciencias
932,tatiana-astengo,Una,Dancing Art
933,tatiana-astengo,Una,Danza Moderna
934,tatiana-astengo,Una,Expresión Corporal
935,tatiana-astengo,no hay info,
936,eva-trancón,Madrid,Arte Dramático
937,eva-trancón,Madrid,Real Escuela
938,eva-trancón,Madrid,Arte Dramático
939,eva-trancón,Salamanca,Relaciones Laborales
940,eva-trancón,no hay info,Luciano García
941,eva-trancón,no hay info,Francisco Portes
942,eva-trancón,no hay info,Antonio Fava
943,eva-trancón,no hay info,Scuela Internazionale
944,eva-trancón,no hay info,Attore Comico
945,eva-trancón,no hay info,Regio Emilia
946,eva-trancón,Cervia,Un Palcoscenico
947,eva-trancón,Cervia,Franca Rame
948,eva-trancón,Cervia,Dario Fo
949,eva-trancón,no hay info,Tango Argentino
950,eva-trancón,no hay info,Nivel Alto
951,eva-trancón,no hay info,Titulación Open
952,eva-trancón,Madrid,Theatre Complicité
953,eva-trancón,Madrid,Marcelo Magni
954,eva-trancón,Madrid,Fundación Teatro
955,eva-trancón,Madrid,Augusto Fernández
956,eva-trancón,Madrid,Seminario Práctico
957,eva-trancón,Madrid,Guillermo Heras
958,eva-trancón,no hay info,Will Kane
959,eva-trancón,no hay info,
960,rosalía-omil,Madrid,Iñaki Aierra
961,rosalía-omil,Madrid,Agustín Bellusci
962,rosalía-omil,Madrid,Fernando Becerra
963,rosalía-omil,Madrid,Jorge Eines
964,rosalía-omil,Madrid,Elfo Teatro
965,rosalía-omil,Madrid,Alfonso Romera
966,rosalía-omil,Madrid,
967,rosalía-omil,no hay info,Teatro Joven
968,rosalía-omil,no hay info,Tonucha Vidal
969,rosalía-omil,no hay info,Maximiliano Priorello
970,rosalía-omil,no hay info,Jacopo Mandeli
971,rosalía-omil,no hay info,Taller La
972,rosalía-omil,no hay info,Manuel Becerra
973,rosalía-omil,no hay info,Laura Manzini
974,rosalía-omil,no hay info,
975,rosalía-omil,no hay info,
976,rosalía-omil,no hay info,
977,rosalía-omil,no hay info,
978,mar-vidal,no hay info,Nacho Guerreros
979,mar-vidal,no hay info,Técnicas Ante
980,mar-vidal,no hay info,Antonio Naharro
981,mar-vidal,no hay info,Concha Plata
982,mar-vidal,Madrid,Bel Armenteros
983,mar-vidal,Goya,Roger Gual
984,mar-vidal,no hay info,Carlos Sedes
985,mar-vidal,no hay info,Gran Hotel
986,mar-vidal,Murcia,La Voz
987,mar-vidal,Murcia,Carmen Acosta
988,mar-vidal,Madrid,Cristina Alcázar
989,mar-vidal,Madrid,Ana Pascuala
990,mar-vidal,Madrid,Laura Delgado
991,mar-vidal,Murcia,Antón Valén
992,mar-vidal,no hay info,Técnica Actoral
993,mar-vidal,no hay info,
994,mar-vidal,no hay info,
995,mar-vidal,no hay info,
996,mar-vidal,no hay info,
997,mar-vidal,no hay info,
998,mar-vidal,no hay info,
999,mar-vidal,no hay info,
1000,mar-vidal,Cartagena,
1001,mar-vidal,no hay info,
1002,mar-vidal,Cartagena,Improvisación Francisco
